{"entities":{"pages":{"README":{"id":"README","title":"VENOM - Python JUCE","url":"readme.html","level":0,"tabIndex":0},"Architecture":{"id":"Architecture","title":"Architecture","url":"architecture.html","level":0,"pages":["Extending","JUCE-bindings","Pythonic-API","CLI-tool"],"tabIndex":1},"Extending":{"id":"Extending","title":"Extending","url":"extending.html","level":1,"parentId":"Architecture","tabIndex":0},"JUCE-bindings":{"id":"JUCE-bindings","title":"JUCE bindings","url":"juce-bindings.html","level":1,"parentId":"Architecture","tabIndex":1},"Pythonic-API":{"id":"Pythonic-API","title":"Pythonic API","url":"pythonic-api.html","level":1,"parentId":"Architecture","tabIndex":2},"CLI-tool":{"id":"CLI-tool","title":"CLI tool","url":"cli-tool.html","level":1,"parentId":"Architecture","pages":["Boilerplate-JUCE-project","VENOM-Project-Structure"],"tabIndex":3},"Boilerplate-JUCE-project":{"id":"Boilerplate-JUCE-project","title":"Boilerplate JUCE project","url":"boilerplate-juce-project.html","level":2,"parentId":"CLI-tool","tabIndex":0},"VENOM-Project-Structure":{"id":"VENOM-Project-Structure","title":"VENOM project structure","url":"venom-project-structure.html","level":2,"parentId":"CLI-tool","tabIndex":1}}},"topLevelIds":["README","Architecture"]}